{"cameraMode":{"drawMode":0,"name":"Shaded","section":"Shading Mode"},"sceneLighting":true,"audioPlay":false,"sceneViewState":{"m_AlwaysRefresh":false,"showFog":true,"showSkybox":true,"showFlares":true,"showImageEffects":true,"showParticleSystems":true,"showVisualEffectGraphs":true,"m_FxEnabled":true},"in2DMode":false,"pivot":{"x":1.2108962721413264e-7,"y":2.6350526809692385,"z":0.010605795308947564},"rotation":{"x":0.01833323948085308,"y":0.6457927823066711,"z":-0.015498719178140164,"w":0.7632521390914917},"size":4.217790603637695,"orthographic":false}