{"cameraMode":{"drawMode":0,"name":"Shaded","section":"Shading Mode"},"sceneLighting":true,"audioPlay":false,"sceneViewState":{"m_AlwaysRefresh":false,"showFog":true,"showSkybox":true,"showFlares":true,"showImageEffects":true,"showParticleSystems":true,"showVisualEffectGraphs":true,"m_FxEnabled":true},"in2DMode":false,"pivot":{"x":0.7021920084953308,"y":1.018904209136963,"z":370.02618408203127},"rotation":{"x":0.0008190386579371989,"y":-0.9670180678367615,"z":0.2551848292350769,"w":0.004046873189508915},"size":4.8075714111328129,"orthographic":false}